{
  "additionalFiles": "",
  "builtInLibrariesFolders": "C:\\Users\\sreec\\AppData\\Local\\Arduino15\\libraries",
  "builtInToolsFolders": "",
  "compiler.optimization_flags": "",
  "customBuildProperties": "",
  "fqbn": "arduino:avr:uno",
  "hardwareFolders": "C:\\Users\\sreec\\AppData\\Local\\Arduino15\\packages",
  "otherLibrariesFolders": "C:\\Users\\sreec\\OneDrive\\Documents\\Arduino\\libraries",
  "runtime.ide.version": "10607",
  "sketchLocation": "C:\\Users\\sreec\\Downloads\\simple_test\\simple_test.ino"
}